package,summary
com.viettel.tv360,"Watch the TV Online, Chopping Choppers."
com.dts.freefireth,10-minute Survival Shooter!
com.pita.oyem,Text Voice & Real People
com.emagssob.tienlen,351 Card Player to Offline- Completely Free No Internet.
vn.tamo,Online loans are quick and convenient
com.makerpro.ringtonecutter,Best ringtone maker for mp3 cutter app free
com.cixa.meete,"The food, the nice deal, the shock, the money."
games.nerf.epic.pranks.free,Prank 'em all!
com.vietok.karaoke,·ª®NG D·ª§NG T√åM M√É S·ª?KARAOKE R·∫§T PH·ª?BI·∫æN ·ª?VI·ªÜTNAM D√ÄNH CHO B·∫†N TH√çCH H√ÅT KARAOKE
package,summary
com.makerpro.ringtonecutter,Best ringtone maker for mp3 cutter app free
com.pita.oyem,Text Voice & Real People
vn.tamo,Online loans are quick and convenient
com.dts.freefireth,10-minute Survival Shooter!
games.nerf.epic.pranks.free,Prank 'em all!
com.cixa.meete,"The food, the nice deal, the shock, the money."
com.viettel.tv360,"Watch the TV Online, Chopping Choppers."
com.emagssob.tienlen,351 Card Player to Offline- Completely Free No Internet.
com.vietok.karaoke,·ª®NG D·ª§NG T√åM M√É S·ªê KARAOKE R·∫§T PH·ªî BI·∫æN ·ªû VI·ªÜTNAM D√ÄNH CHO B·∫†N TH√çCH H√ÅT KARAOKE
